id,hidden_dim,num_layers,batch_size,lr,accum_steps,num_neighbors,num_epochs,best_val_acc,test_acc,training_time_s,time_per_epoch_sec,throughput_nodes_sec,peak_gpu_memory_mb,oom_flag,train_loss_final,nodes,gpus
0,256,5,128,0.003,5,15 10 10 10 10,10,0.9117310643196106,0.8051286935806274,17324.401765346527,1732.4401765346527,113.49021031899814,29699.115234375,0,0.24881184108380694,1,1
1,256,5,128,0.003,5,15 10 10 10 10,10,0.911934494972229,0.8006281852722168,8952.893542289734,895.2893542289734,219.61056397160624,29606.68505859375,0,0.25877434930104454,1,2
2,256,5,128,0.003,5,15 10 10 10 10,10,0.9054242968559265,0.7892047762870789,4638.692168712616,463.8692168712616,423.8586930302101,29548.39013671875,0,0.2926161878713174,1,4
3,256,5,128,0.003,5,15 10 10 10 10,10,0.8966507911682129,0.7538958191871643,2437.9985568523407,243.79985568523406,806.4606906652413,29339.326171875,0,0.3333778664333901,2,4
